writers	primaryName	primaryProfession
nm0304328	Ludwig Ganghofer	writer
nm0000122	Charles Chaplin	soundtrack,writer,actor
nm0562346	Carl Mayer	writer,script_department,miscellaneous
nm0000122	Charles Chaplin	soundtrack,writer,actor
nm0304098	Abel Gance	writer,director,editor
nm0000122	Charles Chaplin	soundtrack,writer,actor
nm0895048	Dziga Vertov	director,writer,editor
nm0304098	Abel Gance	writer,director,editor
nm0000122	Charles Chaplin	soundtrack,writer,actor
nm0000122	Charles Chaplin	soundtrack,writer,actor
nm0699535	Jacques Prévert	soundtrack,writer,actor
nm0711905	Terence Rattigan	writer,actor
nm0000122	Charles Chaplin	soundtrack,writer,actor
nm0315547	Ritwik Ghatak	director,writer,actor
nm0953790	Cesare Zavattini	writer,director,producer
nm0135905	Ion Luca Caragiale	writer
nm0461425	Frederick Knott	writer
nm0741627	Reginald Rose	writer,producer
nm0534848	G.D. Madgulkar	writer,actor,music_department
nm0775977	Budd Schulberg	writer,producer,soundtrack
nm0747657	Viktor Rozov	writer
nm0000005	Ingmar Bergman	writer,director,actor
nm0000005	Ingmar Bergman	writer,director,actor
nm0135905	Ion Luca Caragiale	writer
nm0419485	Yorgos Tzavellas	writer,director,actor
nm0499626	Ernest Lehman	writer,producer,soundtrack
nm0410694	Ulla Isaksson	writer
nm0452878	Ryûzô Kikushima	writer,producer
nm0559695	Zenzô Matsuyama	writer,director,assistant_director
nm0360605	Lorraine Hansberry	writer
nm0000005	Ingmar Bergman	writer,director,actor
nm0814242	Rodolfo Sonego	writer,assistant_director
nm0793881	Kaneto Shindô	writer,director,art_director
nm0301613	Alekos Galanos	writer
nm0000005	Ingmar Bergman	writer,director,actor
nm0765090	William Sargent Jr.	producer,writer,miscellaneous
nm0229732	Imre Dobozi	writer
nm0006249	Satyajit Ray	writer,composer,director
nm0000005	Ingmar Bergman	writer,director,actor
nm0075444	Zvonimir Berkovic	writer,director
nm0471424	Rajendra Krishan	music_department,writer,soundtrack
nm0000005	Ingmar Bergman	writer,director,actor
nm0001279	William Goldman	writer,miscellaneous,producer
nm0158582	Tadeusz Chmielewski	writer,director,producer
nm0691489	Titus Popovici	writer
nm0354416	Nikolai Haitov	writer
nm0787289	Anthony Shaffer	writer,miscellaneous
nm0495848	Djordje Lebovic	writer
nm0000005	Ingmar Bergman	writer,director,actor
nm0498877	Jean Pierre Lefebvre	director,writer,actor
nm0087861	William Peter Blatty	writer,actor,director
nm0619760	M.T. Vasudevan Nair	writer,director,actor
nm0911486	David S. Ward	writer,director,miscellaneous
nm0691489	Titus Popovici	writer
nm0001202	Rainer Werner Fassbinder	writer,director,actor
nm0371059	Jamie Uys	director,writer,producer
nm0105693	Michel Brault	cinematographer,director,producer
nm0001023	John Cassavetes	actor,director,writer
nm2759584	Alain Badiou	writer
nm0649096	Marcel Ophüls	director,writer,actor
nm0154665	Paddy Chayefsky	writer,actor,producer
nm0000230	Sylvester Stallone	actor,writer,producer
nm0001707	Paul Schrader	writer,director,soundtrack
nm0113551	Ewing Miles Brown	actor,producer,director
nm0468169	Dusan Kovacevic	writer,miscellaneous,director
nm0000184	George Lucas	writer,producer,director
nm0000005	Ingmar Bergman	writer,director,actor
nm0552731	Mardik Martin	writer,actor,miscellaneous
nm0368688	Ali Hatami	director,writer,producer
nm0351566	Yilmaz Güney	actor,writer,director
nm1142021	Enver Mamedkhanly	writer
nm0953261	Frank Zappa	soundtrack,composer,director
nm0239806	Réjean Ducharme	writer
nm0570395	Nana Mchedlidze	director,actress,writer
nm0825506	Jeff Stein	writer,producer,director
nm0548648	Goran Markovic	director,writer,actor
nm0660936	Sai Paranjape	director,writer,music_department
nm2364499	Roger Glachant	writer
nm0006249	Satyajit Ray	writer,composer,director
nm0006664	Zdenek Sverák	writer,actor,soundtrack
nm0774764	Victor Schonfeld	director,producer,writer
nm0001070	Bill Cosby	actor,writer,music_department
nm0000005	Ingmar Bergman	writer,director,actor
nm0001348	Werner Herzog	director,writer,actor
nm0109300	John Briley	writer,producer,actor
nm0468169	Dusan Kovacevic	writer,miscellaneous,director
nm0067323	Bahram Beyzaie	writer,director,editor
nm0914166	Roger Waters	soundtrack,composer,actor
nm0371630	Lee Hays	soundtrack,actor,writer
nm0351566	Yilmaz Güney	actor,writer,director
nm0620451	Keiji Nakazawa	writer,producer,director
nm0347899	Gulzar	music_department,writer,soundtrack
nm0006357	Daniel Schmid	director,writer,actor
nm0468169	Dusan Kovacevic	writer,miscellaneous,director
nm0348636	Vladimir Gurkin	writer,actor
nm0564625	Cheryl McCall	writer,producer
nm0351566	Yilmaz Güney	actor,writer,director
nm0000231	Oliver Stone	director,producer,writer
nm1454004	Don Berrigan	writer
nm0329715	Adoor Gopalakrishnan	director,writer,producer
nm0001501	Louis Malle	director,writer,producer
nm0793881	Kaneto Shindô	writer,director,art_director
nm0562699	Tony Maylam	director,writer,producer
nm0452102	Abbas Kiarostami	writer,director,editor
nm0001279	William Goldman	writer,miscellaneous,producer
nm0001554	Errol Morris	director,producer,writer
nm0594503	Hayao Miyazaki	animation_department,director,art_department
nm0067323	Bahram Beyzaie	writer,director,editor
nm0776114	Tom Schulman	writer,producer,director
nm0611188	Robert Mugge	director,producer,editor
nm0469650	Robert Kramer	director,writer,cinematographer
nm0169679	Peter Cohen	producer,writer,director
nm0086658	Michael Blake	writer,director,producer
nm0576529	Dariush Mehrjui	director,writer,producer
nm0452102	Abbas Kiarostami	writer,director,editor
nm0619760	M.T. Vasudevan Nair	writer,director,actor
nm0006249	Satyajit Ray	writer,composer,director
nm0368688	Ali Hatami	director,writer,producer
nm0538484	Anne Makepeace	writer,director,producer
nm0001348	Werner Herzog	director,writer,actor
nm0236729	Srdjan Dragojevic	writer,producer,director
nm0666674	Anand Patwardhan	director,editor,producer
nm0711745	Mani Ratnam	writer,director,producer
nm0352032	Kamal Haasan	actor,music_department,writer
nm0548648	Goran Markovic	director,writer,actor
nm0672459	David Webb Peoples	writer,editor,director
nm0509489	Rachel Liebling	director,writer,camera_department
nm0643446	Alanis Obomsawin	director,writer,producer
nm0309697	Tony Gatlif	director,writer,actor
nm0618284	Ray Müller	director,writer,producer
nm0045024	Temur Babluani	director,actor,writer
nm0943150	Nien-Jen Wu	writer,actor,director
nm0843921	András Szekér	writer,miscellaneous,script_department
nm0939182	Kar-Wai Wong	writer,director,producer
nm0683400	John Pilger	writer,director,producer
nm1022277	Cheuk-Hon Szeto	writer,director,sound_department
nm0000108	Luc Besson	writer,producer,director
nm0666674	Anand Patwardhan	director,editor,producer
nm0908824	Randall Wallace	writer,producer,director
nm0440913	Mathieu Kassovitz	actor,director,producer
nm0000520	Michael Mann	producer,writer,director
nm0639618	John O'Brien	director,writer,editor
nm0001825	Andrew Kevin Walker	writer,actor,miscellaneous
nm0003160	Christopher McQuarrie	writer,producer,director
nm0659950	Wolfgang Panzer	director,writer,producer
nm0877078	Yavuz Turgul	writer,director,soundtrack
nm0970108	Sanford Santacroce	writer,miscellaneous,actor
nm0466892	Andrej Kosak	director,writer,assistant_director
nm0005139	Mike Leigh	director,writer,miscellaneous
nm0000671	Billy Bob Thornton	actor,writer,soundtrack
nm0387306	Ivy Ho	writer,producer,actress
nm0783068	Slobodan Selenic	writer
nm1376373	Andy Schatzberg	producer,writer,director
nm0939182	Kar-Wai Wong	writer,director,producer
nm0586235	Gordan Mihic	writer,director,miscellaneous
nm0006498	Majid Majidi	director,writer,actor
nm0831980	Julian Stone	writer,director,editor
nm0445435	Fred Kelemen	cinematographer,editor,director
nm0629272	Andrew Niccol	writer,director,producer
nm0571346	David McKenna	writer,producer
nm0005363	Guy Ritchie	writer,director,producer
nm0734441	Robert Rodat	writer,producer,director
nm0419485	Yorgos Tzavellas	writer,director,actor
nm0907178	Bob Waldman	writer,producer,miscellaneous
nm0498080	Ricardo Lee	miscellaneous,writer,script_department
nm0691489	Titus Popovici	writer
nm0691489	Titus Popovici	writer
nm0218547	Zeki Demirkubuz	director,writer,producer
nm0559039	Ivica Matic	cinematographer,writer,director
nm0088016	Vladimir Blazevski	writer,director,producer
nm0184202	Eduardo Coutinho	director,writer,actor
nm1713453	George Sovu	writer
nm0864782	Raymond To	writer,director,producer
nm0393025	István Homoki Nagy	director,writer,cinematographer
nm0365480	Anthony Harrison	actor,producer,writer
nm0124636	Roberto Busó-García	director,writer,editor
nm0218773	Tom Dempsey	writer,director,producer
nm0013824	Ignacio Agüero	actor,director,writer
nm0001348	Werner Herzog	director,writer,actor
nm0383510	William Higgins	director,producer,writer
nm0695737	Marin Preda	writer
nm0538733	Max Makowski	director,writer,cinematographer
nm0049335	K. Balachander	producer,writer,director
nm0347899	Gulzar	music_department,writer,soundtrack
nm0517839	A.K. Lohithadas	writer,director,actor
nm1431061	John Paul	writer,producer
nm0619760	M.T. Vasudevan Nair	writer,director,actor
nm0937017	Simon Witter	writer,director,producer
nm0937017	Simon Witter	writer,director,producer
nm0544836	Thodoros Maragos	director,writer,producer
nm0236729	Srdjan Dragojevic	writer,producer,director
nm0787793	Saulius Saltenis	writer,director
nm0252835	Radwan El-Kashef	director,assistant_director,writer
nm0259499	Metin Erksan	director,writer,producer
nm0796117	M. Night Shyamalan	producer,director,writer
nm0050332	Alan Ball	producer,writer,miscellaneous
nm0737904	Bogomil Raynov	writer
nm0422548	Suliko Jgenti	writer,actor
nm0030417	Hideaki Anno	director,writer,art_department
nm1041271	Petraq Qafzezi	writer
nm0422548	Suliko Jgenti	writer,actor
nm0422548	Suliko Jgenti	writer,actor
nm0089927	Kiço Blushi	writer
nm0361575	Dusan Hanák	director,writer,actor
nm0663996	Tone Partljic	writer,actor
nm0134461	Ion Cantacuzino	writer,director,producer
nm0097993	Jovan Boskovski	writer,director
nm1041254	Ruzhdi Pulaha	writer
nm0406534	Rustam Ibragimbekov	writer,producer,director
nm0300175	Revaz Gabriadze	writer,director,art_director
nm0300175	Revaz Gabriadze	writer,director,art_director
nm0000759	Paul Thomas Anderson	director,writer,producer
nm1618205	Aurel Baranga	writer
nm0586235	Gordan Mihic	writer,director,miscellaneous
nm0626134	József Nepp	writer,director,animation_department
nm0229769	Dragutin Dobricanin	actor,writer
nm0877078	Yavuz Turgul	writer,director,soundtrack
nm0536818	Balu Mahendra	cinematographer,director,writer
nm0357333	Paul Hamann	producer,director,writer
nm0945899	Vladimir Yanchev	director,writer,assistant_director
nm0006498	Majid Majidi	director,writer,actor
nm0854919	Vijay Tendulkar	writer,actor
nm0673007	Georges Perec	writer,director,producer
nm0675502	Luiz Sérgio Person	director,writer,producer
nm0510107	Gabriel Liiceanu	writer
nm0877078	Yavuz Turgul	writer,director,soundtrack
nm0787793	Saulius Saltenis	writer,director
nm6102622	Yuu Azuki	writer
nm0833577	Stanislav Stratiev	writer
nm0660336	Boyan Papasov	writer,script_department,director
nm0229119	Eros Djarot	composer,writer,director
nm0556034	Marcelo Masagão	director,editor,writer
nm0352961	Fadil Hadzic	writer,director
nm0005363	Guy Ritchie	writer,director,producer
nm0059775	Vaikom Muhammad Basheer	writer
nm0433893	K.S. Ravikumar	actor,director,writer
nm0266324	Oriana Fallaci	writer
nm0313489	K.G. George	director,writer,actor
nm1432116	Madhu Muttam	writer,music_department
nm0523658	Pawel Lozinski	director,writer,producer
nm0777418	Ron Schwartz	writer,art_director,costume_department
nm0605965	Bratya Mormarevi	writer
nm0619760	M.T. Vasudevan Nair	writer,director,actor
nm3406494	Kanagal Prabhakara Sastry	music_department,writer,director
nm0008150	Daoud Abdel Sayed	director,writer,assistant_director
nm0471468	Hunsur Krishnamurthy	writer,music_department,director
nm0471468	Hunsur Krishnamurthy	writer,music_department,director
nm1095768	Nagathihalli Chandrashekar	writer,director,actor
nm0143134	Terri Cascimo	director,writer
nm0517839	A.K. Lohithadas	writer,director,actor
nm0517839	A.K. Lohithadas	writer,director,actor
nm0517839	A.K. Lohithadas	writer,director,actor
nm0619760	M.T. Vasudevan Nair	writer,director,actor
nm0517839	A.K. Lohithadas	writer,director,actor
nm1001498	Rada Moskova	writer
nm0945981	Edward Yang	writer,director,actor
nm0594503	Hayao Miyazaki	animation_department,director,art_department
nm0037247	Guillermo Arriaga	writer,producer,director
nm0363628	M.V.S. Harnatha Rao	writer,actor
nm0363628	M.V.S. Harnatha Rao	writer,actor
nm0446819	Richard Kelly	writer,producer,director
nm0593225	Christopher Mitchell	director,writer
nm0619162	A.P. Nagarajan	director,writer,actor
nm0895538	Pavel Vezhinov	writer
nm0482541	Petar Lalovic	cinematographer,director,writer
nm0655802	P. Padmarajan	writer,director,actor
nm0655802	P. Padmarajan	writer,director,actor
nm0655802	P. Padmarajan	writer,director,actor
nm0080252	J.K. Bharavi	writer,music_department,actor
nm0899649	K. Viswanath	director,writer,actor
nm1031380	Dada Mirasi	director,writer,actor
nm1194308	Purushottam Laxman Deshpande	writer,actor,director
nm0417173	David Jamison	director,writer
nm0801870	Singeetam Srinivasa Rao	director,writer,actor
nm0149832	Aluri Chakrapani	writer,producer,director
nm0417386	Jandhyala	writer,director,actor
nm0119457	Umur Bugay	producer,writer,actor
nm0951304	Ihsan Yüce	actor,writer,director
nm0876561	Erdogan Tünas	writer,actor,script_department
nm0016089	Zeki Alasya	actor,director,writer
nm0784149	Sadik Sendil	writer,music_department,miscellaneous
nm0784149	Sadik Sendil	writer,music_department,miscellaneous
nm0665982	Ganesh Patro	writer,script_department,soundtrack
nm0119457	Umur Bugay	producer,writer,actor
nm0954099	Dejan Zecevic	director,writer,assistant_director
nm0605965	Bratya Mormarevi	writer
nm1964412	Venu Nagavalli	actor,writer,director
nm0698184	Priyadarshan	director,writer,actor
nm0411308	Alexandra Isles	actress,director,producer
nm0706478	Samudrala Raghavacharya	writer,music_department,director
nm0873116	Maharadhi Tripuraneni	writer,music_department,producer
nm0577263	Jonas Mekas	director,cinematographer,editor
nm0151504	N. Chandra	writer,director,producer
nm0618084	Gani Müjde	writer,production_designer,producer
nm0877078	Yavuz Turgul	writer,director,soundtrack
nm0754952	Basar Sabuncu	writer,director,actor
nm0706478	Samudrala Raghavacharya	writer,music_department,director
nm0706478	Samudrala Raghavacharya	writer,music_department,director
nm1220246	Bala	writer,director,producer
nm0837844	Movlud Suleimanly	writer
nm0710589	Pingali Nagendra Rao	writer,music_department
nm0348246	Gunnam Gangaraju	writer,producer,director
nm0784149	Sadik Sendil	writer,music_department,miscellaneous
nm0275789	Andrzej Fidyk	director,miscellaneous,writer
nm0592747	Georgi Mishev	writer,script_department,miscellaneous
nm0468106	Filippos Koutsaftis	cinematographer,camera_department,director
nm0258784	Yilmaz Erdogan	actor,art_director,writer
nm0278641	Cinda Firestone	director,writer,camera_department
nm0517839	A.K. Lohithadas	writer,director,actor
nm0841554	S.N. Swamy	producer,writer,actor
nm0517839	A.K. Lohithadas	writer,director,actor
nm1180694	Panchu Arunachalam	writer,music_department,soundtrack
nm0253676	Merab Eliozishvili	actor,writer
nm0683400	John Pilger	writer,director,producer
nm1052952	Vera Mutafchieva	writer
nm0001885	Lars von Trier	writer,director,producer
nm0708422	P. Ramlee	actor,director,composer
nm0678199	Valeri Petrov	writer,actor,miscellaneous
nm0448094	Jeff Kennedy	director,writer,actor
nm0863094	Nikola Tiholov	writer,script_department
nm0895538	Pavel Vezhinov	writer
nm0422548	Suliko Jgenti	writer,actor
nm0422548	Suliko Jgenti	writer,actor
nm0281133	Jac Flanders	writer,actor,miscellaneous
nm0045572	Svoboda Bachvarova	script_department,writer
nm0383510	William Higgins	director,producer,writer
nm0784149	Sadik Sendil	writer,music_department,miscellaneous
nm0406534	Rustam Ibragimbekov	writer,producer,director
nm1066396	Ranjith	writer,director,producer
nm0820208	Sreenivasan	actor,writer,director
nm0820208	Sreenivasan	actor,writer,director
nm0931747	Sue Williams	director,producer,writer
nm0686696	Skënder Plasari	actor,writer
nm1066620	Nikolai Statkov	writer
nm1075855	Anar Rzayev	writer,director
nm1098726	Milorad Milinkovic	director,writer,actor
nm1091289	Marty Sklar	writer
nm1092221	Rick McKay	producer,cinematographer,director
nm0605965	Bratya Mormarevi	writer
nm1110155	Lilyana Mihaylova	writer
nm0762779	Suraj Sanim	writer,music_department,actor
nm0601619	Michael Moore	director,producer,writer
nm0666674	Anand Patwardhan	director,editor,producer
nm0532509	Sergio Machado	writer,director,assistant_director
nm0135952	Nae Caranfil	writer,director,actor
nm0264367	Sabry Ezzat	writer
nm0061776	Christian Bauer	producer,director,writer
nm0083348	Brad Bird	miscellaneous,writer,director
nm0006498	Majid Majidi	director,writer,actor
nm0605965	Bratya Mormarevi	writer
nm1155100	Münir Hayri Egeli	director,writer,producer
nm0605965	Bratya Mormarevi	writer
nm0467666	Marek Koterski	director,writer,actor
nm0433059	Pavel Jurácek	writer,director,miscellaneous
nm0241262	Dejan Dukovski	writer,script_department
nm0184202	Eduardo Coutinho	director,writer,actor
nm0673754	Lester James Peries	director,writer,producer
nm0238746	Maciej J. Drygas	miscellaneous,writer,director
nm1018613	Nikolai Nikiforov	writer,script_department,miscellaneous
nm0468169	Dusan Kovacevic	writer,miscellaneous,director
nm1286892	Weijun Chen	director,cinematographer,producer
nm0365057	Mark Jonathan Harris	producer,writer,miscellaneous
nm1284523	Gary Sunshine	writer,director,producer
nm0883074	Angel Vagenshtain	writer,script_department
nm0605965	Bratya Mormarevi	writer
nm0605583	Robert Morin	director,writer,actor
nm0657532	Reghunath Paleri	writer,director,music_department
nm1340266	Michiko Yamamoto	writer,producer,miscellaneous
nm0695196	Ranjan Pramod	writer,director,music_department
nm0820208	Sreenivasan	actor,writer,director
nm0820208	Sreenivasan	actor,writer,director
nm1066396	Ranjith	writer,director,producer
nm1334840	Atanas Mandadzhiev	writer
nm0619760	M.T. Vasudevan Nair	writer,director,actor
nm0598671	Shaun Monson	producer,director,writer
nm1347554	Dorian Supin	cinematographer,camera_department,director
nm1351066	Bernhard Ludwig	director,actor,writer
nm1334840	Atanas Mandadzhiev	writer
nm1766774	Mark Bailey	writer,producer,miscellaneous
nm0000233	Quentin Tarantino	writer,actor,producer
nm0558377	Hrant Matevosyan	writer,actor
nm0348015	Gunasekhar	director,writer,actor
nm1395285	Georgina Willis	director,writer,cinematographer
nm1104118	Kim Ki-duk	writer,director,producer
nm0403951	Amjad Hossain	writer,director,actor
nm0014152	Humayun Ahmed	writer,director,music_department
nm0082220	Robert Bilheimer	director,writer,producer
nm1220246	Bala	writer,director,producer
nm0064298	Cari Beauchamp	writer,miscellaneous,producer
nm0820208	Sreenivasan	actor,writer,director
nm1440698	Joe Simpson	miscellaneous,camera_department,writer
nm0014152	Humayun Ahmed	writer,director,music_department
nm1474292	Miroslav Momcilovic	writer,director,producer
nm0948000	Cem Yilmaz	actor,writer,director
nm0601619	Michael Moore	director,producer,writer
nm1680304	Sandeep Sawant	director,writer,producer
nm1952690	Abdul Jabbar Khan	writer,director,producer
nm0003697	Florian Henckel von Donnersmarck	director,writer,producer
nm0594793	Albert Mkrtchyan	director,writer,actor
nm9087396	Armen Tadevosyan	actor,writer
nm0506346	Barry W. Levy	actor,producer,director
nm0763812	Jeff Santo	writer,producer,director
nm0466153	Hirokazu Koreeda	director,writer,editor
nm0458079	Keith Kjornes	writer,editor,producer
nm0233026	Martin Donovan	writer,script_department,miscellaneous
nm0781261	Osman F. Seden	director,writer,producer
nm1050514	Saira Shah	producer,writer
nm0911552	Geoffrey C. Ward	writer,miscellaneous
nm1475059	Filip Jan Rymsza	producer,director,writer
nm0227872	Veli Akbasli	actor,editor,writer
nm0702600	Peyman Ghassemkhani	writer,actor,director
nm2505787	Vipin Bhati	sound_department,writer,actor
nm0315842	Bahman Ghobadi	director,writer,producer
nm1720336	Blessy	assistant_director,director,writer
nm1284379	Ferhan Sensoy	actor,writer,director
nm0695038	Marcos Prado	producer,director,cinematographer
nm0422568	Ajey Jhankar	writer,producer,composer
nm1994413	Ashok Patole	writer
nm0418659	Eugene Jarecki	director,producer,writer
nm1052952	Vera Mutafchieva	writer
nm1933528	Cookie 'Chainsaw' Randolph	director,writer,producer
nm0762779	Suraj Sanim	writer,music_department,actor
nm1475059	Filip Jan Rymsza	producer,director,writer
nm1863924	Rania Ajami	writer,director,producer
nm0175726	Steve Conrad	writer,director,producer
nm0784149	Sadik Sendil	writer,music_department,miscellaneous
nm0868219	Guillermo del Toro	writer,producer,director
nm1417119	Ameer Sultan	actor,writer,director
nm0598531	Mark Monroe	producer,writer,director
nm1156290	Jaideep Sahni	music_department,soundtrack,writer
nm0156828	Timothy A. Chey	producer,director,writer
nm1963021	Dermot Doyle	director,writer,composer
nm5043155	Mara Svire	writer
nm1894520	Trivikram Srinivas	writer,director,music_department
nm0020502	Eric Allen Bell	writer,producer,director
nm1463981	Çagan Irmak	director,writer,production_designer
nm0962722	Jesse Cowell	producer,editor,director
nm1333964	Lucía Gajá	director,writer,assistant_director
nm0014152	Humayun Ahmed	writer,director,music_department
nm2052804	Ethan Hunter	writer,producer,director
nm0200028	Mark Daniels	cinematographer,director,camera_department
nm0172648	Rocky Collins	producer,writer,director
nm2108003	Gregory Colbert	director,producer,writer
nm0542480	Aleksandar Manic	writer,producer,director
nm2157182	Jayantha Chandrasiri	writer,director,music_department
nm0430370	Kim Jorgensen	producer,writer,director
nm2146031	Rob McGann	director,writer,producer
nm0784149	Sadik Sendil	writer,music_department,miscellaneous
nm1604375	Will James Moore	producer,writer,editor
nm2252573	Robin Davey	editor,camera_department,director
nm2519099	Ryan McGee	writer
nm0700872	Puri Jagannadh	writer,director,producer
nm1050198	Mladen Maticevic	writer,director,assistant_director
nm0135952	Nae Caranfil	writer,director,actor
nm0443411	Tony Kaye	director,cinematographer,producer
nm1226606	Jameel Khan	director,writer,producer
nm2289322	Sekhar Kammula	writer,director,producer
nm1864956	Matija Klukovic	writer,costume_department,director
nm2394022	James Albert	writer,director
nm1699888	Jared Tweedie	editor,editorial_department,writer
nm1156290	Jaideep Sahni	music_department,soundtrack,writer
nm1552823	Arran de Moubray	director,writer,cinematographer
nm0645574	Steven Okazaki	director,producer,editor
nm2480587	Charles Ferguson	producer,director,writer
nm1164861	Seth Gordon	producer,director,miscellaneous
nm1239991	Jon Bowden	camera_department,actor,director
nm0962722	Jesse Cowell	producer,editor,director
nm2574672	James Henderson	miscellaneous,director,writer
nm0254178	Adam Elliot	director,writer,animation_department
nm0592795	Piyush Mishra	actor,music_department,writer
nm1244760	Amole Gupte	actor,writer,director
nm2315079	Ian Paterson	director,writer,producer
nm1098834	João Moreira Salles	director,producer,writer
nm10564794	Cengiz Özkarabekir	director,producer,writer
nm2619570	Shahidullah Kaiser	writer
nm3235413	Alejandro Montoya Marín	writer,director,producer
nm7515701	Ashton Gleckman	composer,writer,director
nm0596311	Tanvir Mokammel	writer,director,producer
nm0596311	Tanvir Mokammel	writer,director,producer
nm1530434	Michael Pack	producer,director,writer
nm0842140	Julia Sweeney	actress,producer,writer
nm0683400	John Pilger	writer,director,producer
nm2196143	Sandeep Shrivastava	writer,actor,music_department
nm4359637	M. Manikandan	writer,director,cinematographer
nm1995152	Tomasz Sekielski	director,writer,actor
nm1011887	Parthiban Radhakrishnan	actor,director,writer
nm0002021	Noël Coward	writer,soundtrack,actor
nm0000636	William Shakespeare	writer,soundtrack,miscellaneous
nm0001213	Harvey Fierstein	actor,writer,soundtrack
nm0025576	Dhimiter Anagnosti	director,writer,cinematographer
nm6211716	Ahmed Mourad	writer
nm8569035	Nadia Parfan	producer,director,writer
nm6293294	Rojin Thomas	director,writer,editorial_department
nm5954636	Sergey A.	writer,producer,cinematographer
nm4902781	Robert Mychal Patrick Butler	director,writer,producer
nm8172571	Gssp Kalyan	director,writer,cinematographer
nm5325427	Madonne Ashwin	director,writer,producer
nm0149196	Nuri Bilge Ceylan	producer,director,writer
nm2725830	Kundô Koyama	writer,producer
nm6073824	Prashanth Neel	writer,director
nm3564817	Phoebe Waller-Bridge	actress,producer,writer
nm7954541	Ian Washburn	writer,director,actor
nm5954636	Sergey A.	writer,producer,cinematographer
nm10887834	Shivraj	writer
nm2985912	Hideaki Sorachi	writer,animation_department
nm9829530	Digpal Lanjekar	writer,director,music_department
nm10909310	Gerardo Gabaldón	director,actor,writer
nm10926602	Ravishankar Venkateswaran	director,writer
nm6915712	Joji	actor,writer,director
nm0958276	Zubeen Garg	music_department,soundtrack,actor
nm9135703	Darling Krishna	actor,director,writer
nm3525879	Mahesh Narayanan	editor,writer,director
nm10973294	Beige Frequency	director,writer,editor
nm0225010	Lav Diaz	writer,director,editor
nm7197528	Burak Dogansoysal	director,writer,producer
nm10372788	Anup Thapa	director,writer,composer
nm10281577	Koyoharu Gotouge	
nm8593411	Roopa Rao	producer,director,writer
nm9288222	Paresh Vinodray Savani	producer,director,writer
nm1071389	Gregory Monro	director,writer,actor
nm1471595	Khashayar Alvand	writer,actor,assistant_director
nm11065997	Ashwath Marimuthu	director,writer
nm0542498	Mahesh Manjrekar	writer,producer,actor
nm6054966	Jagdeep Sidhu	writer,director,miscellaneous
nm11108345	K.S. Ashoka	director
nm9268416	Natalie Wynn	writer,director,editor
nm0814469	Sion Sono	director,writer,actor
nm11130491	Raakesh Baala	director,writer
nm1907554	Kaushik Ganguly	actor,director,writer
nm6579465	Sahana H.S.	director,writer
nm2513694	Yorgos Avgeropoulos	director,writer,producer
nm5824384	Pawan Wadeyar	writer,director,actor
nm1015055	Cheriyan Kalpakavadi	writer
nm5367447	Ardit Sadiku	director,writer,producer
nm2819123	Sachy	writer,director
nm2068971	Vineeth Sreenivasan	music_artist,music_department,soundtrack
nm11174452	Vicesat	director,actor,writer
nm0000187	Madonna	music_artist,soundtrack,actress
nm4254923	Darbuka Siva	composer,actor,director
nm0661401	Michael Parfit	writer,editor,director
nm9829530	Digpal Lanjekar	writer,director,music_department
nm5954636	Sergey A.	writer,producer,cinematographer
nm11198656	Hemanth Srinivas	director,writer,producer
nm11199071	Naveen Deshaboina	director,writer
nm3476157	John Godsey	writer,producer,miscellaneous
nm4432410	Brandon Kimber	director,producer,editor
nm10421569	Saleel Kulkarni	director,actor,writer
nm0473936	Kurt Kuenne	director,composer,editor
nm4627221	Darin J. Sallam	director,casting_director,casting_department
nm2577586	Kazuya Yamada	camera_department,director,writer
nm6041683	Mari Selvaraj	director,writer,assistant_director
nm3340250	Boris Malagurski	director,editor,writer
nm9909582	Shahi Kabir	writer,director
nm11280546	Danny Capuchin	writer
nm11291284	Tharun Moorthy	director,writer,actor
nm3752091	Kenny Basumatary	actor,director,writer
nm8680464	Niyaz Mujawar	writer,director
nm11358335	A. Kadir	
nm0614819	Alison Murray	director,writer,cinematographer
nm0006498	Majid Majidi	director,writer,actor
nm2012385	Miklós Tamási	writer
nm5954636	Sergey A.	writer,producer,cinematographer
nm0284369	Ari Folman	writer,director,soundtrack
nm2518732	Kranti Kanadé	director,writer,actor
nm1962192	Upendra	actor,music_department,writer
nm0126154	David Byrne	soundtrack,composer,music_department
nm11029421	Amadeusz Kocan	director,cinematographer,editor
nm11388000	Peter Sundardas	writer,director
nm0859074	Jose Thomas	director,assistant_director,writer
nm1345470	Sheikh Niamat Ali	writer,director,producer
nm3668380	Derek DelGaudio	miscellaneous,actor,writer
nm11405210	Dusan Nestorovic	director,writer,cinematographer
nm8833077	Raj B. Shetty	actor,writer,director
nm11442870	Noah Marks	director,actor,writer
nm0098079	Mike Boss	writer,producer,actor
nm2638662	Yulene Olaizola	director,producer,editor
nm9055203	Amudhavanan P.	writer,director,cinematographer
nm5954636	Sergey A.	writer,producer,cinematographer
nm6157331	Rui Constantino	director,writer,cinematographer
nm8120704	Dipendra K. Khanal	director,writer,cinematographer
nm2572228	Jeethu Joseph	writer,director,producer
nm5954636	Sergey A.	writer,producer,cinematographer
nm11603841	Uma Shankar	writer
nm1410462	Gabriel Cowan	producer,writer,director
nm0156828	Timothy A. Chey	producer,director,writer
nm0049460	Djordje Balasevic	actor,composer,writer
nm1075855	Anar Rzayev	writer,director
nm7556071	Saga Reddy Thumma	director,writer
nm3101705	Joe Shaughnessy	director,writer,producer
nm3044483	Satya Murthy G.	writer,director
nm1077928	Ismail Shikhly	writer
nm3109770	Neeraj Pandey	writer,director,producer
nm10333383	Aaron Dembski-Bowden	writer
nm1637154	Ayman Bahgat Kamar	music_department,writer,composer
nm2197796	Chris Ordal	producer,director,writer
nm0812625	Fernando E. Solanas	producer,director,writer
nm0233686	Adolfo Doring	director,cinematographer,editor
nm8934095	Stefan Mandachi	director,writer
nm0698184	Priyadarshan	director,writer,actor
nm11821612	Kotiganahalli Ramaiah	writer
nm1315554	Gunars Priede	writer
nm0104487	Larry Brand	writer,director,actor
nm11405210	Dusan Nestorovic	director,writer,cinematographer
nm3159991	Edvins Snore	miscellaneous,director,writer
nm0907991	Luke Walker	producer,miscellaneous,actor
nm5676658	Nagashekar	actor,director,writer
nm0598531	Mark Monroe	producer,writer,director
nm2654633	Rachel Warner	writer,producer,director
nm2497546	David F. Sandberg	director,writer,producer
nm11953273	Pulkit Philip	editor,writer
nm2410803	Callie T. Wiser	editorial_department,producer,director
nm0789737	George Bernard Shaw	writer,actor,director
nm3167229	Martyn Park	writer,editor,director
nm7019609	Bandi Saroj Kumar	director,writer,actor
nm1366561	Mads Brügger	writer,producer,director
nm11966453	Srini Josyula	director,writer
nm7253286	Jeo Baby	director,writer,actor
nm10450045	Raj Virat	director,writer
nm6579579	Darling Swamy	writer,director
nm5807514	Kiranmayi Indraganti	director,writer,producer
nm3233125	Masuma Virjee	director,writer
nm8920190	Sharis Mohammed	writer,music_department,soundtrack
nm3722244	Ejaz Khan	director,producer,writer
nm2397810	Pearl Wilson	actress,writer,producer
nm8997362	Bradley Charlton	director,writer,actor
nm0156828	Timothy A. Chey	producer,director,writer
nm7630832	Krishnadev Yagnik	director,writer
nm9295342	Shadab Ahmad	writer,director,assistant_director
nm0634240	Christopher Nolan	writer,producer,director
nm0002172	Mukul Anand	director,writer,producer
nm3542231	Rahul Patel	writer
nm1069500	Sam Logan Khaleghi	producer,actor,director
nm3362570	M. Black	director,editor,producer
nm5926708	Samuel D. Hunter	writer,producer
nm0092555	K.C. Bokadia	director,writer,producer
nm6281092	Alexei Navalny	director,writer,soundtrack
nm5511772	Dhruv Lather	director,cinematographer,writer
nm3360706	Aaron Guzikowski	writer,producer
nm12296320	Frost	writer
nm0045675	Des Brady	actor,writer,assistant_director
nm12306532	Sk Sachin	writer
nm3828427	Rob Gardner	composer,director,writer
nm0326320	Scott Goldstein	producer,director,writer
nm3642592	Pravin Tarde	writer,actor,director
nm6127822	Ganesh Vinayak	director,writer
nm1033297	Chi Udayashankar	music_department,writer,actor
nm0001081	Cameron Crowe	writer,producer,director
nm10365311	Ratheesh Balakrishnan Poduval	director,writer,actor
nm9575606	Damon Penn Jr.	director,writer,cinematographer
nm2513694	Yorgos Avgeropoulos	director,writer,producer
nm3419321	Manish Pandey	writer,director,producer
nm5648237	Srimanta Senguptta	director,producer,writer
nm12421667	Rakesh Kuriakose	writer,producer
nm0836909	Muthyala Subbaiah	director,writer
nm12444120	Sourav	writer
nm10870937	Raam Mori	writer,costume_department
nm9262312	Mohammad Mohammadian	director,writer,editor
nm3605561	Özgür Selvi	director,writer,assistant_director
nm5844896	Mathivanan Sakthivel	writer,director,actor
nm3475289	Charlie Fink	soundtrack,writer,director
nm5950947	Tommy Anderson	director,writer,editor
nm3492257	Sean Gerowin	producer,director,writer
nm11785575	Danielle Winter	editor,camera_department,director
nm12556129	Santosh	director,writer
nm12558294	Bikash Subedi	writer,assistant_director
nm3520587	Chris Butler	editor,producer,director
nm12573508	Abhiram Reddy Dasari	producer,actor,writer
nm1004985	Yashpal Sharma	actor,producer,director
nm3529659	Radu Olievschi	director,writer,cinematographer
nm11159985	Bhat Pavan	writer,music_department,director
nm2293007	William T. Still	writer,director,editor
nm3555995	Geoff Edgers	writer,actor,producer
nm12664679	Ramanjaneya Sivanna	writer
nm1625220	Emin Alper	director,actor,writer
nm2875023	Spencer Folmar	manager,producer,director
nm10281577	Koyoharu Gotouge	
nm10281577	Koyoharu Gotouge	
nm10281577	Koyoharu Gotouge	
nm3586222	Thiagarajan Kumararaja	writer,director,music_department
nm6157331	Rui Constantino	director,writer,cinematographer
nm12731645	Tamizh	director
nm1409622	Lee Hae-jun	writer,director,script_department
nm3591496	Ram	director,writer,actor
nm12743985	Tmr	
nm0782436	David Seidler	writer
nm2447902	Andrei Dascalescu	editor,producer,director
nm12783015	Umesh Sharma	writer,producer
nm1075855	Anar Rzayev	writer,director
nm12786822	Ham R.	writer
nm2077225	Eddie Mensore	producer,director,writer
nm12799861	Nataraj .G.	director,writer
nm12276991	Shiva Eturi	director,writer
nm6474441	H. Vinoth	director,writer
nm1196102	Rajsekhar	director,miscellaneous,actor
nm2685552	Paulo Henrique Fontenelle	editor,director,writer
nm3220687	Corey Moss	producer,writer,director
nm12827869	Sivudu	director,writer
nm14094646	Ajay Nali	writer
nm2547182	Takehiko Inoue	writer,director,animation_department
nm12851172	Adari Murthy Sai	director,writer
nm3642647	Paresh Mokashi	director,writer,actor
nm2037986	Irakli Solomonashvili	writer,actor,miscellaneous
nm9262312	Mohammad Mohammadian	director,writer,editor
nm12876630	Pradeep Sastry	director,writer
nm1750066	Ralph Chapman	producer,writer,actor
nm1974917	James Kleinert	producer,director,cinematographer
nm9262312	Mohammad Mohammadian	director,writer,editor
nm6142895	Rishab Shetty	actor,director,producer
nm12262379	Dinil P.K.	writer
nm7256990	Deepthi Nair	writer,producer
nm1564617	Mark Deeble	cinematographer,director,writer
nm11923265	Jadesh Kumar Hampi	director,writer
nm8048359	Sanjay Upadhyay	writer
nm12917582	Prasun Chatterjee	director,writer,producer
nm7181426	Eswar Kotravai	director,writer
nm12922148	SureshKumarKusireddy	writer,producer
nm1367153	Lasse Hoile	editor,director,editorial_department
nm0879983	Nezih Ünen	composer,producer,director
nm11291284	Tharun Moorthy	director,writer,actor
nm8981908	Serena Dc	producer,writer,actress
nm13664572	Syam Lenin	writer
nm3454743	Prabu Solomon	director,writer,assistant_director
nm12956224	Praveen Reddy T.	writer,producer
nm13455929	Ravi Charan	
nm12977508	Bamidipati Veera	director,writer
nm12986374	Deepak Prabhakar Mandade	director,writer
nm6009072	Joseph Lando	director,writer,actor
nm11037470	Manish Muradiya	miscellaneous,writer
nm12998557	Chanakya Patel	director,writer,cinematographer
nm5141283	Amy Taylor	director,editor,cinematographer
nm0625747	Stanley Nelson	producer,director,writer
nm13013915	Joshua Whitehead	writer
nm0171443	Nesli Çölgeçen	director,writer,cinematographer
nm13039848	A.B. Binil	assistant_director,director,actor
nm11681785	Maasthi Upparahalli	writer
nm9955426	Jayathirtha	director,writer
nm11233680	Anurag Jha	actor,producer,writer
nm11443599	Sri Sai Durga	actress,writer
nm13091611	Valaja Kranthi	director
nm2559488	Deva Katta	director,writer,music_department
nm3820216	Justin Salerian	writer,director,assistant_director
nm1069826	Gautham Vasudev Menon	director,writer,actor
nm2289322	Sekhar Kammula	writer,director,producer
nm13134781	Yuvaraj D.	writer
nm13138682	Dilip Mohan	writer,actor
nm13143364	Anand Raaj	actor,writer
nm0598531	Mark Monroe	producer,writer,director
nm3682643	Christina Ruddy	writer
nm8314446	Anil Kulchainiya	director,writer
nm7609215	Bene Dion Rajagukguk	writer,director,actor
nm0615948	Vagif Mustafayev	director,writer,actor
nm0678313	Vladimir Petrovic	director,editor,assistant_director
nm0725132	Len Richmond	writer,miscellaneous,director
nm10281577	Koyoharu Gotouge	
nm10281577	Koyoharu Gotouge	
nm1957016	Andrei Severny	director,editor,cinematographer
nm6458915	Ram Babu Gurung	director,writer,actor
nm0160666	Ivaylo Hristov	actor,director,writer
nm1379896	Ty Evans	cinematographer,director,editor
nm2118394	Alexa Makky	writer,director,producer
nm6157331	Rui Constantino	director,writer,cinematographer
nm8435845	Yogee Qumaar	director,writer,producer
nm13285987	Manu Pv	director,writer
nm0000636	William Shakespeare	writer,soundtrack,miscellaneous
nm1681049	Alexander Nanau	cinematographer,director,writer
nm2966708	Gary King	director,writer,editor
nm0431049	Dereck Joubert	producer,writer,cinematographer
nm1066396	Ranjith	writer,director,producer
nm13285658	Savithcchandra	director,writer
nm4004072	Mirza Ibrahimov	writer
nm13286012	Rayhan Khan	director,writer
nm4672801	Don Tjernagel	producer,writer,actor
nm8264095	Balu Sharma	writer,director,actor
nm0661401	Michael Parfit	writer,editor,director
nm3476796	Isa Hüseynov	writer
nm2628394	Joe DiPietro	writer,soundtrack,music_department
nm13315996	Patnaik	director,actor,writer
nm9829530	Digpal Lanjekar	writer,director,music_department
nm6157331	Rui Constantino	director,writer,cinematographer
nm4098215	Matthew Austin Brown	writer,producer
nm3998180	Marcelo Grion	writer,producer,director
nm3167229	Martyn Park	writer,editor,director
nm5429277	Arun Roy	director,writer
nm6905889	Vishwanath Batchu	director,writer,legal
nm4070082	Christos Ketikidis	producer,director,editor
nm4169405	Samruoddhi Porey	writer,producer,director
nm1680229	Yograj Bhat	music_department,writer,director
nm3168346	Craig Deering	writer,actor,director
nm4183640	William H. Whyte	director,writer
nm2879822	Peter Joseph	writer,director,editor
nm4203108	Darren Wilson	writer,producer,director
nm3340250	Boris Malagurski	director,editor,writer
nm4070082	Christos Ketikidis	producer,director,editor
nm0005069	Spike Jonze	producer,writer,director
nm12023551	Mallarapu Kumar	writer
nm0683400	John Pilger	writer,director,producer
nm2840629	Steve Rahaman	producer,director,editor
nm3346260	Matt Zemlin	actor,producer,composer
nm13388287	Bhardwaj	writer
nm5418890	Vicky Zahed	director,writer,producer
nm14131551	Pradeep Kumar Kavumthara	writer
nm0200436	Cosima Dannoritzer	director,writer,editor
nm1072259	Fredric Lean	writer,producer,director
nm1782844	Amr Salama	director,writer,producer
nm8879765	Shannon Alexander	producer,director,writer
nm4290030	Paul Grignon	writer,animation_department,composer
nm4296517	Jon Garcia	producer,director,writer
nm1410815	Asghar Farhadi	writer,director,producer
nm4199426	Mysskin	writer,director,actor
nm3285629	Amit Ashraf	producer,writer,director
nm4343792	Richard Yeagley	producer,director,writer
nm0482541	Petar Lalovic	cinematographer,director,writer
nm0204920	Julia Davis	producer,writer,director
nm0000233	Quentin Tarantino	writer,actor,producer
nm4359456	Imre Azem	director,writer,cinematographer
nm8108797	Vijay	writer
nm0406532	Maksud Ibragimbekov	writer,director
nm3701120	David Aboucaya	actor,producer,director
nm1521546	John Downer	director,producer,writer
nm2012385	Miklós Tamási	writer
nm3381565	Glynn Norman	producer,writer,actor
nm2716176	Shoaib Mansoor	director,producer,writer
nm4415855	Scott Noble	director,editor,writer
nm1848132	Sanjiv Jaiswal	writer,director,producer
nm4347845	Taylor Golonka	music_department,producer,sound_department
nm0548159	Lily Mariye	actress,director,writer
nm4415855	Scott Noble	director,editor,writer
nm4199426	Mysskin	writer,director,actor
nm4465031	Muhammad Zafar Iqbal	writer,script_department
nm12299584	Fatimah Sattar	actress,writer,visual_effects
nm13834761	Suresh Reddy Akkala	director,writer
nm13570267	N.V. Augustine	writer
nm13587043	NagaDurgaRaoSana	director,writer
nm13582638	VandelaVenkat	director,writer
nm9615179	K. Venkatesh	director,writer
nm13628452	VenkatKacharla	writer
nm0604948	Peter Morgan	writer,producer,actor
nm4532781	Joel Strunk	director,writer,producer
nm4531969	Jitin Rawat	writer,director,composer
nm1583736	Zoltán Török	cinematographer,director,writer
nm8528554	D. Satya Prakash	writer,director,producer
nm2827567	Pavel Cuzuioc	sound_department,director,producer
nm3642592	Pravin Tarde	writer,actor,director
nm8985907	Jeevitha Rajashekhar	director,writer
nm1159041	Tulsi Ghimire	director,editor,writer
nm3827692	Christian Marclay	director,writer,producer
nm3051496	Koran Dunbar	actor,producer,director
nm10469813	N.R. Reddy	director,writer
nm2697482	Mahmoud Abu Zeid	writer,music_department,producer
nm3096787	Nigel Moran	producer,director,actor
nm2748001	Darren Marshall	editor,camera_department,producer
nm4697611	Giedre Zickyte	director,writer,producer
nm13718042	Suresh Mapoor	director,writer
nm13721366	Naga Dhanush	director,writer
nm4260569	A. Sarkunam	director,writer,producer
nm2971390	Girish Kulkarni	actor,writer,producer
nm8122061	Qais Pasha	writer,director,camera_department
nm4746875	Georgi Stoev	writer
nm4752140	María Fernanda Restrepo	director,writer
nm13746589	Mohan Srivatsasa	writer
nm0187877	Robert X. Cringely	writer
nm13770387	Akula Kasi Viswanath	director,writer
nm13770247	Satya Rachakonda	director,writer
nm13777888	Suzie Miller	writer
nm13781498	Kuppili Srinivas	director,actor,writer
nm0316795	Alex Gibney	producer,director,writer
nm0602836	Dylan Moran	actor,writer,soundtrack
nm13798939	P M Veeresh	director,writer
nm13802269	Johnson John Fernandez	director,writer
nm2073620	Jesse Vile	director,producer,writer
nm4672801	Don Tjernagel	producer,writer,actor
nm5228009	Amol Kolhe	actor,producer
nm13823564	Bommareddy VRR	director,writer
nm11217099	Mike R. Ortiz	producer,director,writer
nm1980584	Juraj Lerotic	director,writer,actor
nm1873405	Sandeep Baswana	actor
nm12429978	N.S.R. Prasad	director
nm5943474	Amoghavarsha	director,cinematographer,writer
nm13874757	Shivashis Banerjee	writer
nm7019609	Bandi Saroj Kumar	director,writer,actor
nm5575109	Kinslin	director,writer
nm13857519	Raj Althada	director,writer
nm0155027	Sanjay Chhel	writer,director,producer
nm9679750	Mariana Starciuc	writer,producer
nm1475260	Balaji Sakthivel	writer,actor,director
nm1463981	Çagan Irmak	director,writer,production_designer
nm4241449	M. Sasikumar	actor,producer,director
nm0666674	Anand Patwardhan	director,editor,producer
nm12628410	Lucky Hansraj	director,editor,writer
nm5367126	Ergys Meta	writer,director,editor
nm1919905	Donavon Warren	producer,actor,director
nm6217117	Rajendra Darshan	director,writer
nm0517665	Tom Logan	director,producer,writer
nm13947144	Praneeth Pandaga	director,writer
nm13955174	Gautham Krishna.D	director,actor,writer
nm13956159	Ram Mohan Kanchukommala	director,actor,writer
nm12800892	Zeynep Miraç	writer
nm0862504	Fen Tian	writer,producer,director
nm13967887	Sooraj V. Dev	writer
nm13982495	Hanumaan Vasamsetty	director,writer
nm5089991	Erkut Altindag	director,producer,writer
nm0274109	Michelle Ferrari	writer,miscellaneous,script_department
nm1575936	M. Sindhuraj	writer
nm14000830	Lakshmi Ramesh	director,writer
nm9315941	Shivraj Deval	writer,director,sound_department
nm14027035	Ravi Sri Durga Prasad	writer
nm14050080	Tori Rose	writer
nm11049192	Abhilash Pillai	writer
nm2409430	Khaled Diab	writer,director,miscellaneous
nm11227474	Parasuram Srinivas	writer,director
nm6126841	Joe Gawalis	producer,actor,director
nm4307420	Mercedes Grant	producer,writer,director
nm3250747	Anjali Menon	writer,director,producer
nm0465579	Deborah Koons Garcia	director,producer,writer
nm14082729	Saajir Sadaf	director,writer
nm14084744	Bairava	director,writer
nm1681049	Alexander Nanau	cinematographer,director,writer
nm1636775	Fedja Isovic	writer,actor
nm14099730	Valentina Blaumann	writer
nm10869704	Pradeep Ranganathan	writer,director,actor
nm14111507	K.P. Tanasekar	director,writer
nm3994747	Boodee Keerthisena	director,producer,writer
nm14120621	Manu Krishna	director,writer,composer
nm1179678	André Schneider	actor,writer,producer
nm5058839	Gillian Flynn	writer,producer,actress
nm5409199	Slavko Martinov	producer,director,writer
nm0598408	András Monory Mész	cinematographer,actor,director
nm0553670	Raoul Martinez	director,writer,art_department
nm14180636	Manoj Bharathy	writer
nm14327490	S. Srikanth	writer
nm7808375	Pritam Sarkar	director,writer,editor
nm3574246	Marco Bonfanti	director,writer,producer
nm1417315	Vikraman	cinematographer,director,writer
nm1962192	Upendra	actor,music_department,writer
nm5216445	Marc Vespi	writer,director,producer
nm12201419	Apsar	actor,writer,director
nm14215571	Rayud Bandi	writer
nm2243359	Gajendra Ahire	director,writer,actor
nm4254419	Nabwana I.G.G.	writer,producer,director
nm1149334	Prasoon Joshi	music_department,soundtrack,writer
nm0958539	Dan Zukovic	actor,director,writer
nm0089124	Linda Bloodworth-Thomason	writer,producer,director
nm5237694	Pawan Kumar	writer,producer,actor
nm4347845	Taylor Golonka	music_department,producer,sound_department
nm14231337	Mokssh	director,writer,composer
nm14240889	Arun Barathi L	director,writer
nm5020993	Dan Handley	director,writer,editor
nm3109770	Neeraj Pandey	writer,director,producer
nm14266001	Sulfi	director,writer
nm14281251	Bhaskar R	director,writer
nm5422794	Manoj Kana	director,writer,actor
nm14281913	K. Shemeer	director,writer
nm2273332	Juli Jackson	animation_department,director,cinematographer
nm11699855	Karthik Maralabhavi	writer,director
nm13993049	Naresh Paruchuri	writer
nm1363713	Girish Joshi	writer,actor
nm10255484	Korea Black	director,writer,producer
nm6407832	Anand Ravi	writer,actor,director
nm13505288	N.S. Murthy	producer,director,writer
nm14396513	Subhadeep Das	writer
nm0799734	Derrick Simmons	stunts,actor,producer
nm2119365	Brent E. Huffman	producer,cinematographer,director
nm14317301	Ranjith Rao	director,writer,producer
nm5289825	Daniel Schmidt	director,producer,writer
nm5292611	Matt Riggle	editor,director,writer
nm1224554	Vladan Nikolic	producer,director,writer
nm3603277	Nizam Razak	director,writer,actor
nm3136855	David Albert Habif	producer,director,camera_department
nm0388129	Ty Hodges	actor,producer,director
nm2157182	Jayantha Chandrasiri	writer,director,music_department
nm0030417	Hideaki Anno	director,writer,art_department
nm3740964	Amel Tresnjic	director,writer,editor
nm2561463	Can Candan	director,producer,miscellaneous
nm3093965	Carlos Etzio Roman	writer,director,producer
nm0907991	Luke Walker	producer,miscellaneous,actor
nm13345583	Jai Amar Singh	director,writer
nm14352839	Perumal Kasi	director,writer
nm9055203	Amudhavanan P.	writer,director,cinematographer
nm0549265	Christopher Marlowe	writer,soundtrack
nm1239798	Jean Kilbourne	writer,miscellaneous
nm1622154	Pamela Tom	producer,director,camera_department
nm5389850	Tinatin Gurchiani	director,writer,producer
nm5409154	Balaji Tharaneetharan	director,writer
nm14440361	Bharrath Komalapati	director,writer
nm5429277	Arun Roy	director,writer
nm3227090	Damien Chazelle	writer,producer,director
nm0948000	Cem Yilmaz	actor,writer,director
nm3303929	Michael Rossato-Bennett	editor,producer,director
nm0368908	Jeff Hathcock	director,writer,producer
nm0156828	Timothy A. Chey	producer,director,writer
nm1900414	Camilo Tavares	director,writer
nm4414683	Kris Smith	producer,writer,director
nm3951756	Skip Kite	director,writer,producer
nm0000636	William Shakespeare	writer,soundtrack,miscellaneous
nm5515190	Lisa Diener	director,writer,camera_department
nm2516950	Denis Delestrac	writer,director,producer
nm1092221	Rick McKay	producer,cinematographer,director
nm0468107	Dimitris Koutsiabasakos	director,writer,producer
nm0095745	Kevin Booth	producer,director,editor
nm5616219	Nagraj Manjule	writer,actor,director
nm1839981	Mattias Löw	writer,producer,cinematographer
nm2828392	Micah Brock	actor,producer,director
nm0440204	Jason Kartalian	producer,director,writer
nm5674119	Paul-Julien Robert	director,writer
nm0015299	Alla Akhundova	writer,music_department
nm5186373	Phanindra Narsetti	director,editor,writer
nm4771979	Segun Williams	writer,producer,director
nm1890280	Christopher DeMaci	actor,producer,writer
nm5744563	Guruprasad	actor,director,writer
nm1907554	Kaushik Ganguly	actor,director,writer
nm3883728	Joe L. Roberts	producer,director,writer
nm0868153	Giuseppe Tornatore	writer,director,actor
nm1729382	Murali Gopy	actor,writer,music_department
nm4890808	Kamaleswar Mukherjee	actor,director,writer
nm4628727	Dusty Saunders	camera_department,editor,director
nm1431644	Wahid Hamed	writer,producer
nm2553371	Robert L. Camina	producer,miscellaneous,director
nm2685552	Paulo Henrique Fontenelle	editor,director,writer
nm2685552	Paulo Henrique Fontenelle	editor,director,writer
nm2572228	Jeethu Joseph	writer,director,producer
nm5902303	K.S. Thurai	writer,director,producer
nm1530832	Ji-hye Kim	writer,producer
nm0604948	Peter Morgan	writer,producer,actor
nm1480980	Emma Donoghue	writer,producer,director
nm1914703	Keith Robert Patterson	producer,actor,writer
nm1941022	Leigh Scott	producer,writer,director
nm4199426	Mysskin	writer,director,actor
nm1962192	Upendra	actor,music_department,writer
nm3752091	Kenny Basumatary	actor,director,writer
nm0000636	William Shakespeare	writer,soundtrack,miscellaneous
nm1394009	Gideon C. Kennedy	miscellaneous,producer,director
nm0460534	Brian Knappenberger	producer,director,camera_department
nm0605828	Pranas Morkus	writer
nm2724083	David McIlvride	director,producer,editor
nm1475521	Switchfoot	soundtrack,actor,writer
nm3744875	Alejandra Amarilla	writer,assistant_director,producer
nm0184202	Eduardo Coutinho	director,writer,actor
nm0000636	William Shakespeare	writer,soundtrack,miscellaneous
nm6073824	Prashanth Neel	writer,director
nm5050089	Nicholas Barton	director,writer,editor
nm6083332	Khagendra Lamichhane	actor,writer,miscellaneous
nm3797575	Srijit Mukherji	writer,director,actor
nm2020278	Scott Haze	actor,producer,writer
nm5756214	Rakshit Shetty	actor,producer,writer
nm4409868	Gemma Mc Carthy	writer,director,producer
nm6157331	Rui Constantino	director,writer,cinematographer
nm2572228	Jeethu Joseph	writer,director,producer
nm2258148	Vibha Bakshi	director,producer,writer
nm3680341	James Pratt	director,actor,producer
nm1907554	Kaushik Ganguly	actor,director,writer
nm6189021	John W. Randle	writer
nm6582008	Monja Jovic	writer,producer
nm3915542	Orlando von Einsiedel	director,producer,writer
nm2197925	Lynette Singer	writer,director,producer
nm6211716	Ahmed Mourad	writer
nm2157182	Jayantha Chandrasiri	writer,director,music_department
nm6232444	Deronte Smith	producer,director,writer
nm6288959	Brian Naydol	director,writer,producer
nm6312545	Indika Ferdinando	writer,director,actor
nm4021775	Yuriy Bykov	director,actor,writer
nm1095727	Camilo Cavalcante	director,writer,producer
nm5366274	Karthik Subbaraj	writer,director,producer
nm0923584	Darryl Wharton	writer,director,producer
nm6336746	Zac Simpson	director,writer,cinematographer
nm0064961	Gorman Bechard	director,producer,writer
nm4840433	Brett Michael Innes	producer,writer,director
nm0230859	Xavier Dolan	actor,director,writer
nm1388365	Bob Ahmed	director,writer,producer
nm6403866	Turmunkh Dorjkhand	writer
nm1473176	Mark Hefti	writer,producer,actor
nm4414980	Aris Chatzistefanou	writer,director,cinematographer
nm3250747	Anjali Menon	writer,director,producer
nm6233311	N.V.B. Choudary	writer,script_department,director
nm6457171	Bernie Olaf	director,writer,producer
nm6458915	Ram Babu Gurung	director,writer,actor
nm6481916	Brian Tetsuro Ivie	producer,director,writer
nm1839981	Mattias Löw	writer,producer,cinematographer
nm1984761	Doug Morrione	editor,writer,producer
nm1748951	Ümit Kivanç	editor,director,writer
nm4203108	Darren Wilson	writer,producer,director
nm2525291	David Whittet	producer,writer,director
nm3227090	Damien Chazelle	writer,producer,director
nm1436693	A.R. Murugadoss	writer,director,producer
nm6157331	Rui Constantino	director,writer,cinematographer
nm4169405	Samruoddhi Porey	writer,producer,director
nm0563710	Massimo Mazzucco	director,writer,producer
nm0000636	William Shakespeare	writer,soundtrack,miscellaneous
nm6609600	Aditya Vikram Sengupta	director,writer,editor
nm1643821	Joe Scott	director,writer,music_department
nm6527118	Leon Lee	producer,director,writer
nm2525291	David Whittet	producer,writer,director
nm6034923	Malek Afsari	director,writer,producer
nm1291174	Bidhayak Bhattacharya	writer,actor,music_department
nm0661417	Leonid Parfyonov	writer,director,producer
nm1075855	Anar Rzayev	writer,director
nm0002376	David Hare	writer,producer,director
nm0931783	Tennessee Williams	writer,actor,soundtrack
nm0943445	Phil Wurtzel	producer,director,writer
nm0879889	Leslee Udwin	actress,producer,director
nm0000636	William Shakespeare	writer,soundtrack,miscellaneous
nm0355822	Lee Hall	writer,soundtrack,composer
nm6856823	Chris Delforce	director,editor,writer
nm0007186	Arthur Miller	writer,actor,miscellaneous
nm4766170	Andrius Lekavicius	director,producer,writer
nm1962192	Upendra	actor,music_department,writer
nm1339693	Jorge Pelicano	camera_department,editor,miscellaneous
nm4148549	Soori	director,writer,music_department
nm0406532	Maksud Ibragimbekov	writer,director
nm1150609	Sabit Rakhman	writer
nm4698419	Tim Hahne	director,writer,editor
nm1789501	Greg Whiteley	producer,director,writer
nm5418380	Jérôme Dolbert	producer,writer,cinematographer
nm1298081	Adelina Balashi	writer
nm3796645	Tolga Karaçelik	director,producer,writer
nm0193231	Adam Curtis	director,writer,producer
nm3035371	Abbas Fahdel	sound_department,director,writer
nm7105982	Tertius Kapp	writer,producer,director
nm7124821	Yuki Sato	writer
nm0000636	William Shakespeare	writer,soundtrack,miscellaneous
nm2513694	Yorgos Avgeropoulos	director,writer,producer
nm2973010	Justin Hunt	director,writer,producer
nm2985554	Rhonda Baraka	writer,director,producer
nm3004047	Rob Herring	actor,producer,director
nm3873442	Aleksandras Brokas	director,writer,cinematographer
nm7724543	Joshy Mangalath	writer
nm1943168	Clay Tweel	director,producer,writer
nm4733887	Alphonse Puthren	writer,director,editor
nm7147982	Matthew J. Weiss	producer,director,writer
nm0306872	Craig Gardner	actor,writer,director
nm6157331	Rui Constantino	director,writer,cinematographer
nm7335549	Ieva Ozolina	director,writer,camera_department
nm3340250	Boris Malagurski	director,editor,writer
nm7415469	R. Ravikumar	director,writer
nm4179342	Amberdeep Singh	writer,director,actor
nm4544331	Syam Pushkaran	writer,producer,miscellaneous
nm3274832	Rami Kodeih	director,editor,writer
nm2791178	Giriraj Kaushalya	actor,director,writer
nm7479043	R.S. Vimal	director,writer
nm7038168	Amith	actor,director,writer
nm6762586	Adnan Sarwar	director,actor,writer
nm6568618	Den Tolmor	producer,writer
nm7496161	Azizur Rahman	director,writer,producer
nm1776242	Salim Ahmed	director,writer,producer
nm7510401	Bhaurao Nanasaheb Karhade	director,writer,actor
nm3562580	Alex Fegan	director,writer,editor
nm3679226	Shahid Nadeem	writer,director
nm0368688	Ali Hatami	director,writer,producer
nm7533047	Ostap Kostyuk	director,writer,sound_department
nm2740466	Christopher H.K. Lee	director,producer,writer
nm7061198	Tom Libelt	actor,writer,producer
nm0623715	Mark Neale	director,writer,producer
nm1093900	Bobbito Garcia	actor,director,producer
nm2971390	Girish Kulkarni	actor,writer,producer
nm6612721	Ajay K Saklani	editor,cinematographer,producer
nm1784785	Siddharth Randeria	actor,writer
nm1732981	Martin McDonagh	writer,director,producer
nm6157331	Rui Constantino	director,writer,cinematographer
nm0639782	Richard O'Brien	actor,soundtrack,writer
nm7630832	Krishnadev Yagnik	director,writer
nm0789737	George Bernard Shaw	writer,actor,director
nm0713576	Kavi Raz	actor,producer,director
nm2136272	Yaron Betan	producer,director,writer
nm0953261	Frank Zappa	soundtrack,composer,director
nm7733844	Raphael Treza	director,producer,writer
nm4414980	Aris Chatzistefanou	writer,director,cinematographer
nm0280541	Jim Fitzpatrick	actor,producer,director
nm4432410	Brandon Kimber	director,producer,editor
nm0928492	Oscar Wilde	writer,soundtrack,miscellaneous
nm0403951	Amjad Hossain	writer,director,actor
nm3212856	Daniel Sandu	director,writer,location_management
nm5361794	B.S. Lingadevaru	director,writer
nm7916318	Syed Salahuddin Zaki	director,writer
nm7920254	Saeed Roustayi	director,writer,producer
nm0045068	Dinesh Babu	director,writer,cinematographer
nm5366274	Karthik Subbaraj	writer,director,producer
nm1582846	Sara Taksler	producer,miscellaneous,director
nm1062779	Eric Pauwels	director,writer,cinematographer
nm2609716	Tauquir Ahmed	actor,writer,director
nm2474072	Skip Shea	producer,writer,director
nm7998946	Fergus Keane	director,writer,actor
nm0000636	William Shakespeare	writer,soundtrack,miscellaneous
nm0872538	Nik Triantafyllidis	director,writer,producer
nm7989066	Mangesh Joshi	director,writer,producer
nm6327305	Raju Murugan	writer,director,actor
nm8054735	Nina Messinger	director,writer,producer
nm4109519	Raymond Creamer	writer,producer,actor
nm8058579	Michael Davis	writer,producer
nm0000636	William Shakespeare	writer,soundtrack,miscellaneous
nm1465005	Mher Mkrtchyan	writer,director,producer
nm6083332	Khagendra Lamichhane	actor,writer,miscellaneous
nm6856823	Chris Delforce	director,editor,writer
nm3479619	Xavier de Lauzanne	director,producer,writer
nm8221768	Bob van de Gronde	director,writer,cinematographer
nm3809021	Alper Caglar	producer,writer,editor
nm8226860	Serguei Polkhovski	writer,producer
nm8273413	Arun Prabhu Purushothaman	director,writer
nm5939217	Johnpaul George	director,writer,assistant_director
nm3791887	Szilárd Matusik	editor,director,writer
nm3870094	Phil Borges	director,writer,cinematographer
nm8320947	Scott Douglas Brown	director,actor,writer
nm7665975	Emil Guliev	director,writer,producer
nm1887418	Sam Chouia	writer,producer,director
nm0598531	Mark Monroe	producer,writer,director
nm2103438	Yariv Mozer	producer,director,writer
nm1175459	Thierry Frémaux	producer,director,editor
nm5465931	Saman Weeraman	writer,director,producer
nm5982013	Steve Wollett	producer,actor,director
nm3020655	Rory Feek	writer,soundtrack,producer
nm8440940	Vineet Radhakrishnan	director,writer,producer
nm4217375	Mark Hayes	director,cinematographer,writer
nm10155544	Luciana Coelho	director,writer,editor
nm3942873	Arshad Khan	miscellaneous,writer,producer
nm8470073	Matteo Troncone	writer,director,actor
nm2697482	Mahmoud Abu Zeid	writer,music_department,producer
nm1907581	Rajesh Mapuskar	producer,director,writer
nm8502496	Marc Waltman	director,writer,editor
nm2587508	Nitin Dixit	writer,director,actor
nm1848474	Dave Bidini	actor,writer,music_department
nm0193231	Adam Curtis	director,writer,producer
nm1737295	Dave Wooley	writer,music_department,producer
nm1197880	Risa Williams	actress,writer,producer
nm0007186	Arthur Miller	writer,actor,miscellaneous
nm3859431	Aaron Huggett	writer,director,producer
nm0721707	Emer Reynolds	editor,director,writer
nm0997425	Ermalo Magradze	director,actor,writer
nm8584662	Pradeep Bhattarai	director,writer
nm5736200	Tarun Sudhir	writer,director,actor
nm8616277	Padmakumar Narasimhamurthy	director,miscellaneous,writer
nm2320774	Yigit Güralp	writer,script_department,director
nm6026697	Steven Leckart	producer,writer,director
nm1275836	Nihar Ranjan Gupta	writer,director
nm3765886	Cori Shepherd Stern	producer,writer
nm1907554	Kaushik Ganguly	actor,director,writer
nm8678191	Karthick Naren	director,writer,actor
nm0175262	Billy Connolly	actor,composer,music_department
nm8699228	Daniela Arbex	writer,director,producer
nm2447902	Andrei Dascalescu	editor,producer,director
nm8833077	Raj B. Shetty	actor,writer,director
nm4308921	Aditi Moghe	writer,casting_director
nm5967536	Nathan Russell-Raby	writer,director,location_management
nm0000005	Ingmar Bergman	writer,director,actor
nm6029435	Markus Mooslechner	producer,director,writer
nm8519166	Kyle Acosta	producer,actor,director
nm8949277	M.R.	director,writer,producer
nm2569785	Balasekaran	director,writer
nm0001779	Tom Stoppard	writer,producer,actor
nm0000636	William Shakespeare	writer,soundtrack,miscellaneous
nm0787323	Peter Shaffer	writer,music_department,miscellaneous
nm0016361	Edward Albee	writer,actor,soundtrack
nm1065785	Tony Kushner	writer,soundtrack,actor
nm1065785	Tony Kushner	writer,soundtrack,actor
nm8967151	Mohamed Oukassi	director,writer
nm3468427	Bramwell Noah	director,writer,actor
nm1639176	Gregory Segal	miscellaneous,producer,actor
nm1578836	Gabriel Clarke	director,writer,producer
nm5048629	Justin Robinson	camera_department,actor,stunts
nm1050198	Mladen Maticevic	writer,director,assistant_director
nm3325907	Samuel Morris	producer,writer,director
nm6442107	Ram Kumar	writer,director,actor
nm6474441	H. Vinoth	director,writer
nm3791998	Apo W. Bazidi	producer,editor,director
nm0063953	James Goldman	writer,soundtrack
nm3491681	Sean Hartofilis	producer,director,writer
nm2346665	Chinmay Mandlekar	actor,writer,producer
nm5113905	Varun Narvekar	director,writer,assistant_director
nm1282966	O-T Fagbenle	actor,writer,director
nm2043219	Mila Turajlic	director,writer,producer
nm1524141	P.F. Mathews	writer
nm9264321	Siyuan Lin	writer
nm9247789	Wei Xiao	costume_designer,set_decorator,actress
nm0022412	Jon Alpert	producer,director,cinematographer
nm9276091	Nick Alfieri	producer,director,writer
nm9284324	Daniel Martin	director,writer,producer
nm9284362	Venkatesh Maha	writer,director,producer
nm9294266	Sijie Zheng	writer
nm6353154	Hogir Hirori	director,editor,writer
nm9349874	Manoj Verma	miscellaneous,director,producer
nm0336979	Tim Gray	producer,director,writer
nm0300175	Revaz Gabriadze	writer,director,art_director
nm9377197	Vilok Shetty	director,writer,composer
nm4147929	Nipun Dharmadhikari	actor,writer,director
nm9411629	Vladimir Pajic	writer,director
nm0539574	Himanshu Malik	actor,writer,director
nm0099552	Tassos Boulmetis	director,writer,producer
nm5380892	Chris Chuang	producer,director,editor
nm8887397	J.S. Randhawa	director,actor,writer
nm3591496	Ram	director,writer,actor
nm0563710	Massimo Mazzucco	director,writer,producer
nm1414912	Sunil Ariyaratne	music_department,director,writer
nm1907554	Kaushik Ganguly	actor,director,writer
nm5099464	Magizh Thirumeni	director,writer,actor
nm5214927	Tung-Ting Sung	director,writer
nm1823590	Miguel Salazar	cinematographer,director,producer
nm6141714	Emmanuel Saez	producer,director,writer
nm6784148	John Marco Lopez	producer,director,writer
nm6143410	Davo Hardy	director,writer,producer
nm3778704	Oskars Rupenheits	director,writer,assistant_director
nm9603601	Ariyawansha Dammage	writer
nm1847868	Rajesh Jayaraman	writer,music_department
nm7662616	Tejas Modak	writer,soundtrack,actor
nm9649985	Gökçe Kaan Demirkiran	director,writer,producer
nm0004209	E.B. Hughes	director,writer,producer
nm9253483	Chinmay Purohit	writer,director,producer
nm6041683	Mari Selvaraj	director,writer,assistant_director
nm9717000	Prasad Prabhakar	director,writer,miscellaneous
nm9721867	Dipesh Shah	writer,assistant_director,actor
nm0949698	JoAnn Young	producer,writer,director
nm6457171	Bernie Olaf	director,writer,producer
nm9753836	Anatoly Pasichnik	director,writer,editor
nm7263546	Paige Suzanne	producer,director,casting_director
nm9764425	Evan Heneghan	director,writer,editor
nm2336554	Aditya Dhar	writer,music_department,soundtrack
nm1504063	Bing Wang	director,cinematographer,producer
nm9797585	Oksana Prysiazhniuk	writer
nm2760985	Sushrut Jain	producer,director,writer
nm4544331	Syam Pushkaran	writer,producer,miscellaneous
nm7608184	Sam Kaplan	writer
nm3960639	Ryan Guiterman	producer,director,editor
nm3951208	Ji-young Kim	director,writer,cinematographer
nm1035818	Michael P. Nash	producer,director,writer
nm9871612	Miki Dezaki	director,writer,cinematographer
nm0866147	Evelyne Tollman	actress,writer,producer
nm9909582	Shahi Kabir	writer,director
nm9913084	Manoj Nair	director,writer,music_department
nm1780037	Céline Sciamma	writer,director,costume_designer
nm8976305	Karan Shrikant Sharma	writer
nm6054966	Jagdeep Sidhu	writer,director,miscellaneous
nm0000636	William Shakespeare	writer,soundtrack,miscellaneous
nm9500109	Heather Augustyn	writer,miscellaneous
nm1802130	BC Fourteen	writer,director,editor
nm10052785	Dananjay Ranjan	writer
nm0358564	Oscar Hammerstein II	soundtrack,writer,music_department
nm10060846	Guru Channappa	producer,director,writer
nm1413729	Stephan Talneau	editor,cinematographer,director
nm0598531	Mark Monroe	producer,writer,director
nm6157331	Rui Constantino	director,writer,cinematographer
nm0000636	William Shakespeare	writer,soundtrack,miscellaneous
nm0609119	Moze Mossanen	director,writer,producer
nm1802130	BC Fourteen	writer,director,editor
nm10285722	Sudheer Shanbhogue	writer,director,production_designer
nm0007186	Arthur Miller	writer,actor,miscellaneous
nm6116204	Venshi Ravindra	director,writer,art_department
nm10316976	Milos Ninkovic	writer,miscellaneous
nm0918211	David A. Weiner	miscellaneous,assistant_director,producer
nm0123299	Stephen Burrows	miscellaneous,actor,director
nm10365311	Ratheesh Balakrishnan Poduval	director,writer,actor
nm1071389	Gregory Monro	director,writer,actor
nm0156828	Timothy A. Chey	producer,director,writer
nm6274646	Halitha Shameem	director,writer,editor
nm8421504	Sujit Bidari	writer,director,actor
nm7609904	Shashank Udapurkar	actor,director,writer
nm10419373	Munni Pankaj	director,actress,writer
nm1253499	Zlatko Topcic	writer,producer,director
nm5853383	Scott Diener	director,writer,producer
nm1142012	Rayya Makarim	writer,producer,director
nm9445831	Vivek Athreya	director,writer,music_department
nm0293193	James L. Freedman	producer,miscellaneous,writer
nm4414980	Aris Chatzistefanou	writer,director,cinematographer
nm5954636	Sergey A.	writer,producer,cinematographer
nm0598531	Mark Monroe	producer,writer,director
nm0570868	Heath McIvor	actor,writer,art_department
nm11020824	Kaidi Klein	writer
nm0151535	T.V. Chandran	director,writer,actor
